subreddit,n_word_types
AdrianaChechik,670
Android,165765
ApexSquads,175
apple,138594
areolas,668
Art,134670
AskMen,174905
BattlePaintings,7724
beauty,23364
beneater,3131
BlackPeopleTwitter,162156
Boobies,2049
boottoobig,35797
Celebsnudess,100
Chennai,10359
CrackWatch,33700
dankmemes,444527
destiny2,198800
DisneyTravel,6915
earlsweatshirt,7409
Electricity,9332
environment,81246
EpicSeven,56851
Eyebleach,31736
fantasyfootball,82347
fentanyl,7657
FinancialCareers,29041
FloridaMan,29379
FortNiteBR,287998
GetMotivated,63063
gifs,183106
GolfClashClans,1855
greatdanes,8641
grimdefender,5012
HistoryMemes,125917
hugeboobs,1762
IdleEmpire,0
insanepeoplefacebook,138437
JustCause,14232
JusticeServed,239077
Justrolledintotheshop,69086
Kalilinux,4638
kobo,6609
lostgirl,953
MakeupAddictionCanada,16460
mculeaks,726
Memes_Of_The_Dank,18022
metaldetecting,12461
mildlyinteresting,201008
mkbhd,6503
Mondo,1307
morbidquestions,55979
Morphs,1814
movies,307767
neoliberal,221312
newsokur,73804
nostalgia,41977
numetal,4468
OverwatchUniversity,132816
panamacity,5534
Pee,2302
PraiseTheCameraMan,13320
Preset_Market,603
RedDeadOnline,31618
regularshowmemes,349
saplings,22508
SexclusiveSelling,8601
Slut,994
Spicy_Memes,195
spirituality,46300
spotify,30212
streetphotography,8747
StuffOnCats,2078
suspiciouslyspecific,8900
SweatyPalms,29835
TechnoProduction,20155
teik_ihevoorik_ihe,0
therewasanattempt,82566
Tierzoo,19477
Tinder,264851
transadorable,4260
transtimelines,15516
trashy,128293
UnethicalLifeProTips,53722
USPS,42221
vce,4359
Violetdarkstorm,0
WedgieGirls,1256
whatcarshouldIbuy,79794
Whatcouldgowrong,82898
wifesharing,8681
WTF,136873
